id_EXIST,tweet
103131,"@maneltorresestr Si puedo ir con mis amigos (el gordo, el negro, la rubia tonta, el chino, el gracioso, la incomprendida,...) y yo soy el quarterback del equipo del instituto, SÍ"
102111,"@joserra_espn Para nada es un tema machista, pero creo firmemente que las mujeres no deberían practicar box ni torear (esto último se debería erradicar por completo) por los riesgos a los que se exponen.Pronta resignación a la familia y amigos de esta dulce chica."
103150,"@irenegonzalezr_ @Ice174980096 @GFantelli97 @Javirodas_ @XxKanguroxX @Fernand14811856 @AdriRM33 Esta hija de puta y’a sabia yo que en algún momento iba a sacar lo de las champions de mierda , como se nota que es mujer que no sabe de fútbol"
102126,@rotripke Hacelo vos. Perdon cierto que las mujeres no saben hacer asado.
102501,Rápida y furiosa: mujer al volante de una camioneta protagonizó 2 accidentes de tránsito en el norte de Barranquilla https://t.co/bCMLESFjZa
102246,el hecho de que estaba tranquilamente echándome unas canastas y me ha venido un señor a hacer mansplaining sobre cómo encestar...... y no ha encestado...... cuando yo llevaba metidos unos 5 tiros libres seguidos....... soy misándrica
102134,"definitivamente, las mujeres no saben manejar, MUY pocas saben"
102502,@DrMocci Una mujer al volante no le da paso a nadie
102843,"Mi ahijada me dice que para ser una chica grande solamente me falta tener un bebé, deja ni quiero ser grande igual"
103356,"@meganoticiascl ""Me encantaría que hubiera más mujeres que hombres, pero se sabe que las mujeres son hormonales y no trabajan tan bien como un hombre, así que mejor no"" así sonó!"
102067,"Me dice un señor que las mujeres de hoy en día, no sabemos hacer nada. Ni coser ni nada. Le he dicho, que como los hombres de toda la vida"
102121,"@Sofimacriiista Un flaco me invita a salir, él casi abogado, yo casi profesora, a mitad de camino, cargó nafta y me pidió plata para pagar la mitad, me invita a tomar una gaseosa, y compró una grande pidió 2 vasos, y lo que sobró  se lo quedó. Me dijo: Es que las mujeres no saben ahorrar."
103151,"@AROSADR @TeJodoRojo Como se nota que es mujer, es como cuando te pillan en un renuncio, se aferran a una cosa y no sueltan ni explote el planeta 😂"
102068,@Maariollorente Fiesta fiesta fiesta todo el día fiesta fiesta jajajajjajajaja eso es lo que piensan las mujeres de hoy en día si no no disfrutan tienen que colocarse estar borrachas y fiesta fiesta fiesta si no no están disfrutando de la vida fiesta fiesta fiesta siempre fiesta fiesta
102503,"@atribinu ""Cuidadooooo, mujer al volante"" ...Jajaajajaaajaaaa Y lo traduzco al francés cuando estoy allá...Jajajaaaaa jaaaaaEste por lo menos me hace reír 🤣😅😆  🤗"
102091,"Voy en un Uber y este chófer es todo un macho, que cree que las mujeres no deben tomar, fumar o maldecir...Wtf!!! https://t.co/rof4O3RpIW"
102838,@rubea_27 Hasta para ser mujer los hombres son mejores hahahaha
103147,"Todo es un juego para la candidata a ""diputada"". Se nota que es mujer no entendió nada. No la voten plis https://t.co/ddXTlcuM0S"
102114,"Te presentamos el único equipo femenil de baloncesto de #Somalilandia, las integrantes comentan que bajo su contexto estar en el equipo es lo mejor que les puede pasar, ya que los ultra conservadores creen que las #Mujeres no deberían practicar deportes. @dw_espanol https://t.co/VwuUCYsXoJ"
101998,Also: me encanta que su mensaje sea: la mujeres no pueden ser mecánicos o sino la cagaran bien feo https://t.co/knSSYe9nm4
102243,"por qué los hombres siempre que quieren hacer mansplaining o quieren desacreditar el argumento de una mujer utilizan el adjetivo “niña”, “nena”???? Tipo, tú argumento tiene tan poca fuerza que necesitas infantilizarme para sentirte ganador???"
101984,"@KarinaLMariani Las comunistas que gobiernan USA, son de vaudeville, esta con sus ideas, la otra Ilhan Omar gritando que Mahoma fue el primer feminista y que la mujer no puede ascender, nació en Somalia, inmigró, estudió abogacía se recibió, es congresista y ¿la mujeres no pueden ascender?"
102167,"@florrgibson Y si, porque no tenemos la presión social que tienen las mujeres de ser siempre educadas. Podemos escupir en la calle sin que venga un viejo salame a decir ""las señoritas no hacen eso"""
102518,"Ya me lo decían, no women no drive (Mujer al volante peligro constante)"
102116,las mujeres no deberian tener derecho a arbitrar un partido de fútbol
102093,"@DrGersonVila Hay cosas q las mujeres no deben ver, que son solo para los ""mach---""... parecen mafia, quitemos el parecen."
102125,Por eso las mujeres no saben decir la verdad. https://t.co/IdRROxZbZy
102120,"saben, algunas veces antes de dormir me pongo a pensar que las mujeres no deberían tener el derecho a opinar sin el permiso de un hombre"
102092,Imaginate ser reconocida en competencias internacionales pero en tu país no ser tomada en cuenta porque unos cuantos dicen que “las mujeres no deben pitar en partidos importantes” así quedan 🤡 @lnphonduras https://t.co/ayLSoYLaqO
102034,Las chicas no pueden jugar al fútbol con los chicos. Hay mucha diferencia de juego y físico...Also las chicas... https://t.co/gClSNt9nan
102131,@tanyacortezSV ANDA EN PRIMERA PUES COMO SABEMOS MUCHOS HOMBRES LAS MUJERES NO SABEN MANEJAR MUY BIEN LES CUESTA METER LA SEGUNDA Y POCO A POCO HAY QUE METER LA TERCERA Y DESDE AHÍ AGARRA INBION
100460,"@ToroenReposo Pajero la tía. Que vaya a asesinar mujeres a su casa, si es que se lo permiten. Comunista Abortista y sometida por su super-macho."
100110,"Y recuerden que decir ""No todos los hombres"" no es más que una microagresión que demuestra tu necesidad de controlar la opinión de una mujer y someterla a los parámetros de lo que tú esperas que ella sea. https://t.co/O3bDl3pSRh"
103137,"Luna es rubia y tonta, pero es mi rubia tonta y a quien le haga daño le rajo la tráquea."
102127,@martasails Vibes de Francesco Renga diciendo que las mujeres no saben cantar y quedando peor que todas las mujeres
102648,"@CarlosFelipeLp2 @Camila_Vergara No es así. Camila tiene razón. El discurso de Kast es el pathos del fascismo: 1) Infunde temor a inmigrantes, 2) desprecio  los gays, 3) mujer sumisa y procreadora, 4) el trabajador ideal es servil y 5) odio a los intelectuales."
100612,🔝🔝 @essity se alía con Fundación Mujeres para combatir la #brecha de género en el mercado laboral 🤝🙋🏼‍♀️🙋🏼‍♀️#RRHH #empleo #laboral #trabajo #igualdadhttps://t.co/HnicQNCKHp
102136,Definitivamente las mujeres no saben hacerle el trabajo al hombre 🥲
103145,@elugomez23 @DiarioOle Se nota que es mujer por eso no sabe de fútbol. No eran el mismo equipo y el Al-Ahly tiene más títulos internacionales que Boca.
102735,@mothrabigail @harryelsocio Se viste y canta como una nenaza. @Leiva_Oficial
103341,anda mira Fátima la que conducía tan bien como un hombre según cristina 🤩 #SecretCuentaAtrás9
102315,Pregunto pregonan las Chiques el Feminismo y el Masculinismo debe ser exterminado ? Nos tenemos que poner calzas Rosas y cortar el Pito ?  Creo están llegando a extremo y se olvidan cuando las mujeres mandan a la M al marido y los roban  con pensiones o los separan de hijos
102620,"Mi mamá me mandó hacer la limpieza y como toda mujer obediente, me vine a acostar! #Gubai 🥱"
101965,Hay un comentario que se puede traducir como machista por algunos pero la realidad es que la mayoría de las mujeres no sabe manejar media mierda y cada vez que casi me pasan por encima da causalidad que es una que va manejando
102110,"@Strawberry_ls AJKAJAKABALJAKAHAKQB a mi uno me dijo que las mujeres no deberían trabajar, y me estaba tratando de ligar, miedo 💀"
102128,@AgostinaPaez0 @molinattizi Ya te dije por defecto la mayoría de las mujeres no saben cruzar la calle
103347,"@CandyCornerSL Pienso lo siguiente: en lo racional, somos más débiles, sí, o imperfectas. Pero no en el intellectus, que penetra en las cosas (sería la intuición). Por eso la mujer muchas veces intuye la verdad, aunque no sepa explicarlo o desarrollarla tan bien como un hombre."
102508,"Mujer al volante, peligro constante https://t.co/lgIKAgt9yR"
102517,"@balin2522 @julianaoxenford @aliciaretto @MTC_GobPeru Mujer al volante, peligro constante  😅😅😅🚗🚗🚗"
100830,"@Soykarinacarpio @juang44 Trabaje para que sea recordada como una mujer trabajadora y buena administradora, correcta, y verdadera revolucionaria, y trabaje para complacer a los más necesitados, no para las élites, como ha lo han hecho los que han pasado por esa gobernación"
102135,"‘Si las mujeres no saben cocinar: ¿pa qué se casan?’, dice maestro de la UAA https://t.co/El2iqxOxbN"
100829,"@piojo22e Esa fotografía dice más que mil palabras, el atrás de ella,ella feliz mandando y manipulado políticamente a un ser humano que le faltó calle, le faltó barrio,es increíble como una mujer puede despedazar y hacer añicos una carrera política, AMLO sabio"
102712,"@DuniaDW2 @EuricSanti Doña, usted necesita un hombre de carácter 911. Le recomiendo que se busque uno de Tamayo y que sea moreno que viva lejos. Yo le aporto a esa relación 3 🪨🇨🇳. Santo Dios 🤦🏾‍♂️"
102099,Las mujeres no deben dejar que ningún hombre les haga sentir mal o menos con sus palabras. El daño de las palabras hirientes queda en el corazón y es peor.
103126,"anoche iba disfrazado de rubia tonta , como todos los días"
102819,"@gomez_mgz Jjj normal para ser chica, mi mamá y mi abuela usan el mismo número"
102509,"@anabmrt Mujer al volante, peligro constante jajajajjajsksjajajjajajajajajajsjjsjajajsjsjajajsjjaja lo siento"
102504,@notevayaschavo1 @/mujeresalvolante ayyy qué novedosa una mujer al volante! Es como la freijo con lo de las mujeres en las canchas más o menos
103360,"Como dijo Scarlett Overkill ""Cuando inicie en esto,muchos dijeron que una mujer jamas robaria un banco tan bien como un hombre.Bueno-Son tiempos distintos-"
102076,Las mujeres de hoy en día no respetan a los hombres que tienen novia mano🙄 después se andan quejando cuando le dicen lo que son
102732,@aurorab933 No solo lo llamó maricón sino q añadió nenaza...
101336,"Lo mal que me cae esa pregunta dizque “¿estás en tus días?” NO, NO ESTOY EN MIS DÍAS, SOLO NO ME CAYÓ BIEN TU COMENTARIO. Grandísimo bobo!!!!"
103152,"@rrrmsv @emelymd Independientemente de la culpa del La persona que conduce que es obvio es una persona irresponsable, me explica su comentario de ""Se nota que es mujer""????? Que onda?"
100880,@Sofimacrista 😂😂😂 fuiste como una señorita muy aseñorada y te peleaste con tu suegra gallina??
102160,Las batallas contra las mujeres son las únicas que se ganan huyendo. #frases
102174,Me acaban de regañar por decir tres groserías porque “las señoritas no dicen groserías” y solo me enojé más
101377,Entender a las mujeres es tan fácil como: Si tienes 4 manzanas y le quitas una pera ¿Cuánto mide el sol?
102721,"@Elendow UY, ¿divertirte? Que eres? Una ""nenaza""? Ponte a liarte a puños con un oso y SE UN HOMBRE"
100632,"""Trabajar en la brecha digital de género es un problema que requiere de ayuda colectiva, las chicas y las niñas no se pueden volver investigadoras, científicas, programadoras si no lo ven"" -  Emily Ulloa #chicasentecnologia #brechadigital #MujeresLideresec"
102608,"@marian65x @VivaLaVidaT5 Que vergüenza de mujer! La Raquel Bollo va de gran madre y la caga. Es que lo de ser “gran madre”, según lo pintan ciertas personas, empieza a ser sinónimo de saco de boxeo, mujer obediente y sumisa. No volvamos a los años 50 por favor! Una madre no es eso! #APOYOROCIO13F"
102511,"Una mujer al volante, es casi lo mismo que un guaguero o un motorista.. no dan paso y se meten a terror sin direccionales."
102176,"Recuerdo desbloqueado de mi mamá regañándome por reírme como me río siempre, porque las señoritas no son tan escandalosas. https://t.co/5lhrJ1k77t"
101192,"#Bolivia El mandatario reflexionó sobre “la doble discriminación que sufrían nuestras mujeres bolivianas, primero por ser mujeres y, segundo, por ser campesinas e indígenas”.https://t.co/lobzv0rIrj"
102728,"El yayo echando balones fuera, negando todo lo que dijo, lloriqueando como una nenaza porque quiere reconocimiento y todo se reduce a más dinero #ViernesDeluxe"
102993,Pleno año 2022 (Taylor’s Version) y todavía hay onvrez que AFIRMAN (la audacia 🙄) que Taylor Swift no escribe sus propias canciones. El prejuicio que tienen sobre ella por ser una “cantante pop” es ignorante y estúpido neta ya actualícense y cállense locico.
101368,Quisiera entender a las mujeres si dices la verdad se enojan si dices mentiras se enojan pues que quieren 😅😅 ya mejor me da risas 😅
101995,"“Hay machismo en #Colombia. En mi comunidad hay muchos hombres que a sus mujeres no las dejan salir, la mujeres no pueden opinar, no pueden porque son mujeres y los que mandan en la casa son ellos”, dice la joven activista de 17 años.https://t.co/KXinq463Cm"
102519,"@HernnDelgado Yo diría que no duerme cuándo ella conduce por el viejo dicho:""Mujer al volante, peligro constante""😅😅😅😅"
102130,"@gisellabuendia Jaja vaya a lavar platos, cocinar... Las mujeres no saben nada de fútbol... solo sirven para informar lo q les dice el Google nada más @CarlosVictorM @mariocanessa @CarlosGalvez21 #COVID19"
103379,"@PilarHLuc @PODEMOS Me la imagino padeciendo las contingencias de ser mujer en un mundo de hombres; la acosan por su atractivo físico, tiene que esforzarse más para que no la tomen por tonta... un techo de cristal le impide ser la gerente del BBVA..."
100875,"Antes mi papá me peleaba porque quería que me vistiera ""como una señorita, con vestidos y faldas"", pero borró el tema un día que le dije ""ok, pero cómprame vestidos y faldas"""
103136,@sopitas @PrimeVideoMX @sofffiaaa Procuren pagarle mas de 30 mil pesos a la rubia tonta o se va a quejar con derechos humanos jajajajajaja
101373,@KMMEdicamentosa Porque los hombres  piensan que uno anda enojada y es porque tiene el período? Yo ando enojada de forma natural osea siempre.. Ademas como ellos no saben lo que proba tener el periodo nunca van a entender a las mujeres.No todos algunos son empaticos
102324,"Nuevo caso de secuestro, conversión y matrimonio forzado en #Lahore, #Pakistán. Mahnoor Ashraf, niña cristiana de 14 años, fue secuestrada el 4 de enero por un hombre musulmán de 45 años. El informe del padre a la policía es inútil. ¡Dramas como este son por lo menos mil al año! https://t.co/S5EQiba4vd"
103357,"@AntonioMautor Seguro que te lo pueden explicar ""casi tan bien"" como un hombre (dirán los votantes masculinos)"
100963,"Reduciendo a la mujer al papel de ""cuidadora de hijos""? Eh, epa https://t.co/Lguu93zuGK"
102139,"@Nixarim Omvre: las mujeres no saben cómo ser graciosasAlso omvre: jajaja mujer = problemas, el mejor chiste, soy muy original, jajajaa"
102613,Le estoy mostrando mis cocinas a Sunset con mucho cariño espero ke no se entere q es pq está viendo los lugares en los que me puede cocinar como toda mujer obediente
102133,@ElizabethHM21 @2010MisterChip por comentarios como el tuyo dicen que las mujeres no saben de futbol
102643,"@SoyHelvetica Sí, les sirve más la imagen de una mujer sumisa, sencilla, abnegada..."
101370,"@Censelio Oye rojo tarado, tú crees que tiene 15 años el pelafustan electo ese!!! Quieres justificar lo injustificable y más encima indefendible. El que explica se complica. Aunque sigo sin entender a las mujeres que votan por esas plastas."
102022,"Y eso es lo que me parece grave, que niños de 5 años tengan esas ideas tan arcaicas en la cabeza, que sea un cliché, generación tras generación, cuando parecía que mejoraba vuelta para atrás y de nuevo la misma mierda de “las chicas no pueden hacer X”."
101569,"@andybri13 @RaquelFabianC @laurelyeye 4. 😂😂 No crees que es un poco irónico que el debate aquí sea sobre la usanza de ""insultos"" como ""mujer biológica"" y lo único que puedas decirme sea ""perra, machita, falso aliado"" 😂😂😂 bien ahí. 🤡"
102520,"@GerardoQuietMan ¿Todavía se dice eso? Madre mía. Es como el fulano que suelta 'mujer al volante, peligro constante'. Doy fé que he conocido algunas mujeres que conducen bastante mejor que algún que otro cenutrio."
100608,"La brecha de género en matemáticas: ¿Por qué a las niñas les gusta (de promedio) menos esa materia?, vía @elpais_espana https://t.co/gJNniCteM0 https://t.co/EvJzWNrdNJ"
103159,"@Jeremias21_4AGE Se nota que es mujer, a parte fan de Mercedes"
101361,"@MSEQUEYRO En la vida, siempre a sido muy complicado entender a las mujeres."
102561,"@MoratayaYoel No es que no lo entiendan, son cabezas vacias, no saben nada de nada, es fiel reflejo de su ignorancia en asuntos de estado, política, cobstituciin, etc. Habría que averiguar de sus discursos en campaña. Con todo respeto pero. ""mujer florero""."
102137,"El diputado fascista Johannes Káiser dice que LAS MUJERES NO SABEN VOTAR Y DEBERÍA PENSARSE EL QUITARLE EL VOTO A LA MUJER, EL MISÓGENO DEJA CLARO CON EL SARCASMO QUE LAS ENCUENTRA INCAPACES PARA DECIDIR ... https://t.co/yYtqmxqtrt"
102168,"@karmontielg Los profes de derecho: “voy a decir algo, a ver si las señoritas no se molestan”"
102514,@momentoviral Mujer al volante.... Peligro constante 👀🤡🤡
102221,"Dejando de lado con quién decidió casarse el señor de 40 años.. ¿Han notado cómo está permeado el machismo en TODO ámbito de la vida? ¿Qué tiene que la mujer sea la que sustenta a la familia? Parfavar que estamos a 2022, ya evolucionen🦧 https://t.co/wWZ6Eoskp2"
102696,"Los gatos son para mujeres jamonas, que carajo le pasa a esa pareja tan rara?"
101544,"@jcarlk811 @radio_pichincha @PoliciaEcuador Y con este comentario nos damos cuenta que los hombres solo piensan en la ""importancia"" de su pequeño e insignificante miembro, a tal grado que compara un arresto de pensión alimenticia con un ""las ex novias no nos olvidan y así se desquitan"", sal de tu falocentrismo amigo 😘"
102801,"Pero es más que solo esoA mí me obligaron a la masculinidad normada cuando me decían ""no te pares así; juega futbol; no vistas rosa""Mas no fui socializado como hombre porque mis compañeros hombres jamás me igualaron a un chico, pero yo no tenía ""los encantos"" para ser chica"
101558,Aula de Nivel Secundario - 2022El #Falocentrismo deja en evidencia el privilegio de lo masculino en la construcción de la sexualidad y cómo se centra todo en torno a los #penes. 32 penes y ni una sola vulva.Más #ESI por favor. https://t.co/OFZoIRQdL7
101363,@Saarayyy_ Hombre si lo entendiera no pondría en el tweet sin entender a las mujeres
102073,"Es que las mujeres de hoy en día no aguantan infidelidades, maltratos y no viven del que dirán."
102094,"@pvallin Bien, salvo por los cigarrillos mentolados para ellas. Las mujeres no deben fumar."
102660,"Tu vida la basas en lo que tu quieras pero: quién carajos te dijo a ti que yo voy a basar mi vida en un libro escrito por y para hombres, para mantener a la mujer sumisa y repudiar a todos aquellos que no sean cisheterosexuales?Guárdate el librito; no me interesa."
100356,@tanocolu Amenazala con una demanda por acoso sexual y cuando llore le decís que es joda y la invitas a salir.
102102,"@Mich_Chile @remuswift Todos los partidos de Chile estaban en contra el voto de la mujer. Las mujeres lucharon para tenerlo, pero eso fue hace décadas atrás. El poblema aca es que hoy en la actualidad, el diputado del Partido Republicano lo pone en duda y como algo que las mujeres no deberian tener."
102852,@VRAVlTY @erasemymindx ´   Es que la gente se ha vuelto demasiado sensible. Yo le ofrecí una tostada y la cara redonda ha decidido restregármela por la cara. Tsk.       ´Se cruza de brazos señalando a la joven con el pulgar.    ´   No tienes modales para ser una chica.       ´
101128,"@TonyFerBlan69 @namela7919 Según la teoría,equilibrarlas sería discriminación indirecta ya que en supuesta igualdad de condiciones tienen discriminación por razón de sexo.Mi opinión es que deberían ser dispares(hablamos genéticamente hablando),pero se han pasado porque quieren equilibrar el cuerpo --&gt;"
102069,@IsiTonny @OsoCojon Las mujeres de hoy en dia estan dificiles
103223,"¿Quién quiere sexting?Ando muy caliente, por 5 dólares pueden decirme y hacerme lo que quieran sin miedo, ando dispuesta a todo. Seré una buena putita para mis papis. Interesados Dm. Nada de engaños. No incluye fotos. (otro precio) https://t.co/JjIS31DUT2"
102083,"@FerOrjuela24 @CarlosOpina_ @PoliciaColombia Eso me resulta muy parecido a ese argumento de que las mujeres no deben usar minifalda para que no las violen, porque para unos desatados puede ser ""provocador""."
102506,Mujer al volante se le atraviesa al paso de motociclistahttps://t.co/QR3pWaGrtX https://t.co/5IQczdQhES
103471,"@hdemauleon Si a la primera dama, no primera dama, el Sr @lopezobrador_ le hizo eliminar un tuit en apoyo a UN DÍA SIN MUJERES, es obvio que no la deje usar cubrebocas. https://t.co/r4PjHnUc1h"
103303,"Sororidad es con mujeres que son piolas, con gente de mierda la verdad es que noup"
102004,"@SinEmbargoMX @alopiaspelagicu Y ahora a cuidar al marido mija, no sea que se lo devore una Lagartona https://t.co/nbDZ7q5VGN"
101345,"@ariel_RC76 @QueMiras_BA @ERAltamirano1 Era llamar a la vecina para que te tirará el cuerito. Estaba más ocupada que enfermera en pandemia. Doña Ángela se llamaba y hacía los fideos con agujero con un fierrito. Nunca se me ocurrió aprenderlos , materia pendiente."
100411,"Ustedes parecen adolescentes diciendo “alv Cassie, Mady es tu mejor amigaaaaa pues wtf” cuando en realidad NOS DEBERÍAMOS DE PREOCUPAR DE QUE CASSIE PUEDE SER VICTIMA DE FEMICIDIO Y QUE MADDY SE SALVÓ.  Ush su monógama toxina y el mito amor romántico lxs tiene bien ciegxs alv."
102117,"@coragamarnik @lidiambaran Típica expresión de un machista. ""las mujeres no deberían......"""
102062,"""—Sí, lo es. Las mujeres de hoy en día se suponen que quieren ser más que madres. Por el feminismo y todo eso""ES ENSERIO COLLEEN????"
101372,@diana_chq Entender a las mujeres&gt;&gt;&gt;&gt;&gt; tremenda pija
100879,"- Ana, por favor, comportarte como una señorita. + YO: https://t.co/fZCUEVkst5"
100248,"@germanayalaosor @jrodriguez_q @marioenelblog @OscarAMontoyaJ @AlvaroLeyva @aleltbd @lina_cuenta @Nan_Arboleda21 @RoyBarreras @lupachoguerra @Laura08127 @jaloso2020 @uribemonic @roures1 Lo irónico es que en su mayoría sean hombres quienes apoyan la criminalización de las mujeres frente al aborto. Claro,a las mujeres hay que castigarlas, juzgarlas y señalarlas siempre, como si no fuera suficiente tener que cargar con el peso de una violación."
103134,"Lograr cosas me hace darme cuenta de lo que soy capaz. Me amo soy súper inteligente, I mean soy una rubia tonta pero actually I'm really smart so fuck you"
101416,"Cómo me la genden con eso de que si me gustan las mujeres.Para esta sociedad si sos mujer, no tenes novio, no te ven con un hombre, no entras en el estereotipo de mujer ""femenina"", y haces cosas modo:boxeo, forja, tocas el bajo, jugas a la pelota, y estás llena de tatuajes"
101006,"me acuerdo de cuando dejaban pasar a los varones a los cursos y las chicas nos teníamos que quedar para que nos midan la pollera, cuando con +30° teníamos que ir a buzo a educación física porque solo los varones podían usar short, eso también es cultura de la violación"
101969,@amandamaria_fer @soytontayeso La mayoría de las mujeres dicen eso y entonces cuando un hombre se aparece en la casa para cambiarlas por dos chivas y un caballo de ponen bravas🙄
100845,Me acabo de sacar sangreHe llorado como una niña chica? SI He asustado a los de práctica? PUES PUEDE SERMe han tenido que agarrar 3 personas? PUES TAMBIÉN
100254,"Bueno por lo que vi, a las mujeres hay que presumirlas y darles atención perfecto anotado. Lo peor de todo es que nos gorrean igual"
101374,"Sorry pero JAMÁS voy a entender a las mujeres que se casan con hombres viejos con dinero 😐 se me hace un precio demasiado alto solo por ""comodidades"""
101380,"Medio año de relación y sigo sin entender a mi novia , como para entender a las mujeres."
102719,Prefiero ser la mala del cuento que ser la princesa que necesita un hombre 💅🏻
100871,Mi mamá: siéntate como una señoritaYo:#OhMyGod #OhMyGodAdele https://t.co/RSAVQpB2Pn
102497,"@malepichot JAJAJAJ mucho feminismo pero te falta descubrir el fubtol femenino, o mixto. El caño se celebra igual sin importar quién o a quién se lo hacen, es el fútbol no los hombres"
102920,Sale Paula Español de la secretaria de Comercio Interior y será liderada por un hombre.Patriarcado de Pie.
101156,"Actualmente en muchos lugares, las mujeres indígenas siguen resistiendo siglos de opresión, abarcando discriminación múltiple, debido a su género, su condición de indígena, por la precarización y que puede recrudecerse si son de la diversidad sexual y de género. 2/3 https://t.co/Ha6bXBMwfH"
102790,"los hombres y su violencia no están movilizados por el fem abolicionista (y q increíble que alguien pueda a llegar a pensarlo), sino por su odio. a las mujeres, y a todo lo q relacionen con la feminidad. te violentan si te reconocen como trans, pero también si te reconocen mujer"
102251,la cumbre del mansplaining uno de ade hablándome sobre programación sin tener ni puta idea a mi que estoy haciendo 1o de ing informática
102090,🚩🚩🚩 Que piense que las mujeres no deben enseñar en las iglesias🚩🚩🚩🚩
100162,leyendo los lyrics de all too well 10 minutos… y no me creo de ninguna forma que la taylor de 2011 escribiera “f*ck the patriarchy” A MÍ NO ME ENGAÑA
102084,"Sin movérsele el turbante.El nuevo responsable de las universidades afganas, licenciado en estudios religiosos, ha manifestado que las mujeres no deben volver a la universidad hasta que haya un “verdadero entorno islámico”, y que las escuelas son “centros de prostitución”."
101378,pq es tan difícil entender a las mujeres la concha d la gorra
103122,"A Pamela Anderson siempre se le ha puesto el papel de ""tonta"" encima. Y nos han hecho creer que era así. La industria del cine y su obsesión de ""atontizar"" (si, palabra inventada) a ciertas mujeres con cierto físico. ¿Es guapa, tiene mucho pecho y es rubia? Tonta seguro."
102617,"@insolado10 Hombre hijueputa = mujer obediente, entregada a la relación y amorosa.Hombre fiel y cariñoso = te quiero como amigo, te mereces una buena mujer, pero esa mujer no soy yo. Ojalá y la encuentres pronto. 🤣🤣"
100245,Rogando que mi bebé sea varón para enseñarle que a las mujeres hay que tratarlas como princesa
102044,"@RMGanchi Yo sigo esperando el estudio del porque el aborto femenino está aprobado por las feministas pero no el aborto masculino(que es básicamente que si un hombre no quiere hacerse cargo de un niño pues no se hace cargo en nada, ni dinero, ni tiempo ni nada) https://t.co/vOqbaQ35kw"
101376,"No puedo entender a las mujeres que lo justifican, por que la mujer tienen que quedarse 24/7 postergada cuidando al hijo de ambos y el hombre sale a hacer su vida sin ni una responsabilidad? Dejen de normalizar eso loc0, como van a ser tan marchistas??? https://t.co/sImeE9KoJm"
100249,…a las mujeres hay que tratarlas con delicadeza total…. Y hasta donde ellas dejen…. Ahi esta el truco.. https://t.co/J5PBGql1BO
102415,"@MEPH64 @Mzavalagc Rascuache…Que respuesta tan más incivilizada y poco inteligente la de usted.La transparenta de pies a cabeza, saludos señora, para mí usted merece respeto por ser mujer y señora de seguro madre de alguien."
102738,"@MariaCobain17 Además de no querer evidenciar que tienen sentimientos, no vaya sé que le llamen nenaza"
102539,Una mujer dócil al Espíritu Santo. https://t.co/aU7gTYVVwm
102097,"@gishel_paola @PaveloRockstar @giov_ Las mujeres no deben opinar, no porque varias lo hagan, tu también andes haciéndolo 🤷🏻‍♂️"
102171,@johnmarrero76 Las señoritas no somos lanzadas. Me quedaré sin hacer ni decir nada y que adivine.Mami me educó bien.😂😂😂
102288,X2 hace dos años estoy en busca de trabajo man y nadieeee me da ni para lavar pisos y eso que soy marimacho si me dan de albañil así no sepa nada yo voy trabajo es trabajo https://t.co/LM4cGxBQTI
102245,@Cecilia53621058 @fabirv @HSBC_MX @CondusefMX @julioastillero Como siempre el mansplaining https://t.co/Em7ilSUv2t
103650,"A mis amigos les digo de juntarnos a tomar mates, ninguno responde, aaaaa pero cuando les digo de ir al bingo se me avalanchan las zorras putas"
101375,Es serio que ni los panchitos tengan un tutorial pa entender a las mujeres
102523,No es que Awada sea una estúpida descerebrada (o sí). Pero le inventan notas donde la describen como tal porque es el modelo de mujer dócil y sumisa que los machirulos de derecha esperan para el resto.
101993,Es gracioso pq la mujeres no pueden ser daltonicas jajaja o eso me dijeron en clase de biología https://t.co/U2vf1KngnU
102715,"Y sí bajonea que neta, real, después de tanta supuesta información, de tantas mujeres que hablan, de que hay la posibilidad de leer mujeres de todas partes y distintos contextos, elijan seguir por la vía de siempre: ""Toda mujer necesita un hombre""."
100641,"En #Aragón la brecha salarial roza el 60% en los trabajos menos cualificados, muchos de los cuales son ejercidos por mujeres. A esto se suma la brecha salarial de género, que es del 30%Capitalismo es desigualdadDe nosotras depende acabar con su dominiohttps://t.co/mD6rB4mSII"
101286,"No puede ser que tenga tantos antojos de comer todo, parezco una embarazada deja"
102106,@EuSiso Las mujeres no deberían manejar 😩😩😩👌👌👌 (dijo el carajo que maneja sin autocontrol)
102513,"Y ya se sabe.Mujer al volante, peligro constante. https://t.co/uIsgWoaqmS"
102180,@shakiladybel Pareces el machista de mi abuelo diciendo que a las señoritas no se les habla como a los hombres. IGUALDAD per dios
100618,Para el cargo de las alcaldías del total de personas postuladas solo el 18% fueron mujeres frente a 82% de hombres. Esto se traduce en una brecha de género del más de 60% #ParidadPolítica #21N https://t.co/AO52swmDSd
102296,@pintasiesta bella dama💐 no se te nota qe seas marimacho
102105,@BluRadioCo Asi es. Y las mujeres no deberían opinar sobre la paternidad. Pasarán varias generaciones hasta que se dé el debate sobre la paternidad deseada.
102077,Yo no entiendo las mujeres de hoy en día 🙄 quieren hombres que les den detalles y las tengan como reinas y desde que ven que otro es bien con la jeva están “MUJERES EMPODERADAS” que trabajan y se buscan lo de ella sin esperar que el hombre les de👀 y que e?
102294,Y en este caso también decir que se deber terminar ya a que si una mujer juega al fútbol es lesbiana y un marimacho porque el fútbol es de hombres porque eso no es así porque una mujer puede jugar al fútbol y hasta jugar mejor que otros hombres al igual que si un hombre le gusta https://t.co/qytIFYf5cF
102516,"Un grupo de bolivianas quiere cambiar el dicho popular de “mujer al volante, peligro constante” por el de “mujer al volante, seguridad constante”, por lo que decidieron crear una línea de transporte de conductoras en un gremio dominado por varones."
102096,Cuando te dicen que las mujeres no deben entrar tren súperior 🙄#fitness #gymmotivation #WorkoutWednesday #fitnessaddict https://t.co/coPa4n56MK
101426,"#QueNadieTeDigaQueNoPodesTe presentamos a Natacha Rebak, integrante de Birreras Argentinas, productora de cerveza artesanal y socia de @ukenecerveza.Los estereotipos de género condicionan nuestra trayectoria educativa y laboral.Te invitamos a repensarlos.@birrerasdeargentina https://t.co/u95eVYxYDK"
102649,@MartaKuhn5 @melisa_montt @gracielaocana @juntoscambioar MUJER SUMISA SIN AUTONOMIA PROPIA
100811,"""A partir de los seis años las chicas tienden a pensar que son trabajadoras, pero menos brillantes que sus compañeros, una opinión en la que influyen los estereotipos de #género"" #coeducacion https://t.co/3obeH4BNMK"
103049,nonono increíble se me tiran las putas al auto se me avalanchan las yeguas se me tiran encima del capó lpm se me tiran se me arrojan es increíble las putas las trolas
102033,"@STUPIDEZHUMANA @DovahkiinFerret vivimos en una sociedad machista donde la mayoria sigue pensando que las chicas no pueden jugar, que son peores jugadoras, que son menos abiles, y menos carismaticas, todo esto sin contar la cantidad de misoginia que se sigue viviendo. 3ro+"
102658,@VanyaThais ¿Que haces en Twitter mujer sumisa? ..... https://t.co/WMspV015nA
102082,"no te puedo creer q de vdd exista gente q cree q las mujeres no deben votar, es q la wea machista y pensamiento de 4 siglos atrás ctm, de vdd no me entra en la cabeza"
101849,"Y si te dejas de mamársela al Presidente y exigís que hable. Se violó la libertad de expresión, el hembrismo manda, pero vos le applaudis todas las cagadas al Presidente.#VotoAnulado#PedileelnoaloszurdosLacallePou#NoalHembrismo https://t.co/gz920Evcz4"
102578,"Con lo bien que estaría de mujer florero sin trabajar ni hacer nada con mi vida, pero he tenido que salir ambiciosa. Es que ya me vale. 🙄🙄🙄🙄"
101366,"@veroEx1 Entender a las mujeres es como , la cuadratura del círculo,  imposible , solo hay que amarlar 🥰🤷🏻‍♂️"
100258,"@LuisinJimenezc A las mujeres hay que tratarlas bien independientemente de lo que hizo nunca debe tratarse como un hombre, hay se involucra la familia los hijos, yo ni denuncia le hubiera puesto."
102252,Pensando seriamente hacerme la tonta y dejar que un vato me haga mansplaining de como hacer una PC gamer con tal de ahorrarme la molestia de buscar todo.
102827,@laderechadiario Ahora los perdedores que fracasan compitiendo con otros hombres pueden ir a barrer a las.mujeres para que todo el deporte este dominado por hombres...Peor epoca para ser mujer 🤦🏻‍♂️
100937,"“La Corte estableció que esta sentencia apuesta a la necesidad de combatir estereotipos de género y la desigualdad en el ambiente doméstico, buscando el cumplimiento de la corresponsabilidad parental”, señala un comunicado”, señala un comunicado."
102716,"@orlandojm @ambienterd Un ministro que no sabe, ni tiene los colgantes para enfrentar los intereses particulares que están afectando a las mayorias en RD. Se necesita un HOMBRE en ese cargo."
101740,Pobrecita... golfa y tonta....cariño voy a esnifar pegamento a la papelería ahora vuelvo
102144,@Agostinanuu Las mujeres son más mentirosas también buenos solo la mayoria
102151,"@clauditatwit @MariettoPonce Obvio es porque las mujeres son más chingonas en recordar todo, piensa positivo 🌹"
102533,"@el_pais Tengo la ligera impresión de que entre los hombres se está extendiendo de nuevo el ideal de la mujer dócil y alegre que no da problemas y a cualquier mujer que se salga de ahí la despachan a la mínima con la etiqueta de ""tóxica"""
101983,"@psalaburu @PedroUgarte6 Ahí tienes un montón de sociedades gastronómicas en las que no se les permite la entrada a la cocina a mujeres, o en las que la mujeres no pueden ser socias. Puedes abrir ese melón también, si quieres."
102805,no es justo las chicas trans tienen ventaja porque para ser chica de verdad solo tienen que comer pollo
100723,"En serio; no sean tan patéticos con una chica que sabe de armas; subís una foto y te gogleann la etiqueta de la tanga; pero el "" master"" no sabe lo q es un rulero 🙄#Cornudisimo https://t.co/e476tE1ZM2"
102255,"@aoviedo_ @Camiloenz @JuanitaGoe @agaviriau Además que es vergonzoso el tufillo de mansplaining y condescendencia para referirse a Juanita: “no te queda bien” “no deberías”. ¡Hágame el favor! Cómo si ella, la mejor representante del país, no tuviera el criterio para definir su respaldo político."
